{
    "model2pars": {
        "mean": [
            0.7773974985988508,
            0.1473523792672655
        ],
        "cov": [
            [
                0.0005377322291799341,
                -1.2797050372390591e-6
            ],
            [
                -1.2797050372390591e-6,
                6.233224729033543e-7
            ]
        ]
    },
    "model1pars": {
        "mean": [
            0.7790563579789379,
            0.14673333484671727
        ],
        "cov": [
            [
                0.0005029703222432508,
                7.548868223958886e-7
            ],
            [
                7.548868223958886e-7,
                6.475451368783711e-7
            ]
        ]
    }
}
